{"errors":[],"warnings":[],"namedChunkGroups":{"app":{"chunks":[5,4,0],"assets":["webpack-runtime-877cb07f280f58321c63.js","webpack-runtime-877cb07f280f58321c63.js.map","framework-16534ddc5a576711dd15.js","framework-16534ddc5a576711dd15.js.map","app-c3e5f495ec065ab47697.js","app-c3e5f495ec065ab47697.js.map"],"children":{},"childAssets":{}},"component---src-pages-about-js":{"chunks":[1],"assets":["component---src-pages-about-js-d7269580c8171b12ba59.js","component---src-pages-about-js-d7269580c8171b12ba59.js.map"],"children":{},"childAssets":{}},"component---src-pages-contact-js":{"chunks":[2],"assets":["component---src-pages-contact-js-cf06383d2b241a9edc08.js","component---src-pages-contact-js-cf06383d2b241a9edc08.js.map"],"children":{},"childAssets":{}},"component---src-pages-index-js":{"chunks":[3],"assets":["component---src-pages-index-js-6836fc1d53051b6bfdfa.js","component---src-pages-index-js-6836fc1d53051b6bfdfa.js.map"],"children":{},"childAssets":{}}},"assetsByChunkName":{"app":["webpack-runtime-877cb07f280f58321c63.js","framework-16534ddc5a576711dd15.js","app-c3e5f495ec065ab47697.js"],"component---src-pages-about-js":["component---src-pages-about-js-d7269580c8171b12ba59.js"],"component---src-pages-contact-js":["component---src-pages-contact-js-cf06383d2b241a9edc08.js"],"component---src-pages-index-js":["component---src-pages-index-js-6836fc1d53051b6bfdfa.js"]}}