{"errors":[],"warnings":[],"namedChunkGroups":{"app":{"chunks":[5,4,0],"assets":["webpack-runtime-b14b6bc3db7a5caf879c.js","webpack-runtime-b14b6bc3db7a5caf879c.js.map","framework-16534ddc5a576711dd15.js","framework-16534ddc5a576711dd15.js.map","app-69c2f9b9f7faad2e6452.js","app-69c2f9b9f7faad2e6452.js.map"],"children":{},"childAssets":{}},"component---src-pages-about-js":{"chunks":[1],"assets":["component---src-pages-about-js-d574346774a42ef6c503.js","component---src-pages-about-js-d574346774a42ef6c503.js.map"],"children":{},"childAssets":{}},"component---src-pages-contact-js":{"chunks":[2],"assets":["component---src-pages-contact-js-1c0a22c9c52fca52e589.js","component---src-pages-contact-js-1c0a22c9c52fca52e589.js.map"],"children":{},"childAssets":{}},"component---src-pages-index-js":{"chunks":[3],"assets":["component---src-pages-index-js-07b3b40158696c70623a.js","component---src-pages-index-js-07b3b40158696c70623a.js.map"],"children":{},"childAssets":{}}},"assetsByChunkName":{"app":["webpack-runtime-b14b6bc3db7a5caf879c.js","framework-16534ddc5a576711dd15.js","app-69c2f9b9f7faad2e6452.js"],"component---src-pages-about-js":["component---src-pages-about-js-d574346774a42ef6c503.js"],"component---src-pages-contact-js":["component---src-pages-contact-js-1c0a22c9c52fca52e589.js"],"component---src-pages-index-js":["component---src-pages-index-js-07b3b40158696c70623a.js"]}}